{"train/loss": 0.6674, "train/learning_rate": 4.848484848484849e-06, "train/epoch": 3.0, "train/global_step": 660, "_timestamp": 1716304589.0327919, "_runtime": 2350.3267118930817, "_step": 2, "train/train_runtime": 2328.3093, "train/train_samples_per_second": 2.824, "train/train_steps_per_second": 0.283, "train/total_flos": 1718334077091840.0, "train/train_loss": 0.6478813749371153, "eval/loss": 0.5952693819999695, "eval/precision": 0.9376523678614036, "eval/recall": 0.9315640298892038, "eval/f1": 0.9345982835280737, "eval/accuracy": 0.9293905790920292, "eval/runtime": 25.0153, "eval/samples_per_second": 14.631, "eval/steps_per_second": 1.479}